{
  "timestamp": "2026-01-26T14:39:16.699119",
  "model_path": "models/models20-multilingual-e5-large_fold_1",
  "sequential_processing": {
    "total_time": 0.7832169532775879,
    "results": {
      "sequential_user_001": {
        "n_momo": 100,
        "n_pchome": 100,
        "total_pairs": 2,
        "elapsed_time": 0.3276336193084717,
        "start_time": 1769409552.852215
      },
      "sequential_user_002": {
        "n_momo": 100,
        "n_pchome": 100,
        "total_pairs": 2,
        "elapsed_time": 0.22794580459594727,
        "start_time": 1769409553.179889
      },
      "sequential_user_003": {
        "n_momo": 100,
        "n_pchome": 100,
        "total_pairs": 2,
        "elapsed_time": 0.22748422622680664,
        "start_time": 1769409553.407902
      }
    }
  },
  "concurrent_processing": {
    "total_time": 0.68019700050354,
    "results": {
      "concurrent_user_001": {
        "n_momo": 100,
        "n_pchome": 100,
        "total_pairs": 2,
        "elapsed_time": 0.6797754764556885,
        "start_time": 1769409553.6356378
      },
      "concurrent_user_002": {
        "n_momo": 100,
        "n_pchome": 100,
        "total_pairs": 2,
        "elapsed_time": 0.6782801151275635,
        "start_time": 1769409553.6372247
      },
      "concurrent_user_003": {
        "n_momo": 100,
        "n_pchome": 100,
        "total_pairs": 2,
        "elapsed_time": 0.6754140853881836,
        "start_time": 1769409553.6401062
      }
    },
    "speedup": 1.1514560527285238
  },
  "10000_pairs_performance": {
    "total_time": 0.215867280960083,
    "text_prep_time": 0.00010561943054199219,
    "embedding_time": 0.20723271369934082,
    "similarity_time": 0.00848245620727539,
    "throughput": 46324.76008186319,
    "total_matches": 